{
  "Random Forest": {
    "model_name": "Random Forest",
    "accuracy": 0.9387102135793235,
    "f1_weighted": 0.9394972617258451,
    "f1_macro": 0.8790417671858606,
    "precision_macro": 0.8733580280732287,
    "recall_macro": 0.886529342951643,
    "num_classes": 6
  },
  "XGBoost": {
    "model_name": "XGBoost",
    "accuracy": 0.9433640821075376,
    "f1_weighted": 0.9435418271515728,
    "f1_macro": 0.8830497357630471,
    "precision_macro": 0.8809605120896021,
    "recall_macro": 0.885468142455986,
    "num_classes": 6
  }
}