{
  "Random Forest": {
    "model_name": "Random Forest",
    "accuracy": 0.9340147926535362,
    "f1_weighted": 0.9348846069747305,
    "f1_macro": 0.8701157554245413,
    "precision_macro": 0.8649101389099783,
    "recall_macro": 0.877345076308921,
    "num_classes": 6
  },
  "XGBoost": {
    "model_name": "XGBoost",
    "accuracy": 0.939375051940497,
    "f1_weighted": 0.9393357896984702,
    "f1_macro": 0.8739168290817146,
    "precision_macro": 0.8726442043333651,
    "recall_macro": 0.8756014638294252,
    "num_classes": 6
  }
}