{
  "Random Forest": {
    "model_name": "Random Forest",
    "accuracy": 0.9387102135793235,
    "f1_weighted": 0.9395563524843076,
    "f1_macro": 0.8792268925216608,
    "precision_macro": 0.87330358575085,
    "recall_macro": 0.8871183429289827,
    "num_classes": 6
  },
  "XGBoost": {
    "model_name": "XGBoost",
    "accuracy": 0.9431147677220976,
    "f1_weighted": 0.9432803953513003,
    "f1_macro": 0.8824029695458214,
    "precision_macro": 0.8801368447238916,
    "recall_macro": 0.88500559963206,
    "num_classes": 6
  }
}