Model,Accuracy,F1 (macro),F1 (weighted),Prec (macro),Rec (macro)
Random Forest,0.9387102135793235,0.8792268925216608,0.9395563524843076,0.87330358575085,0.8871183429289827
XGBoost,0.9431147677220976,0.8824029695458214,0.9432803953513003,0.8801368447238916,0.88500559963206
