Model,Accuracy,F1 (macro),F1 (weighted),Prec (macro),Rec (macro)
Random Forest,0.9340147926535362,0.8701157554245413,0.9348846069747305,0.8649101389099783,0.877345076308921
XGBoost,0.939375051940497,0.8739168290817146,0.9393357896984702,0.8726442043333651,0.8756014638294252
