Model,Accuracy,F1 (macro),F1 (weighted),Prec (macro),Rec (macro)
Random Forest,0.9387102135793235,0.8790417671858606,0.9394972617258451,0.8733580280732287,0.886529342951643
XGBoost,0.9433640821075376,0.8830497357630471,0.9435418271515728,0.8809605120896021,0.885468142455986
