{
  "model_name": "Random Forest",
  "overall_metrics": {
    "accuracy": 0.9387102135793235,
    "precision_weighted": 0.9413712681568182,
    "recall_weighted": 0.9387102135793235,
    "f1_score_weighted": 0.9395563524843076,
    "precision_macro": 0.87330358575085,
    "recall_macro": 0.8871183429289827,
    "f1_score_macro": 0.8792268925216608
  },
  "class_labels": [
    "Normal",
    "Generic",
    "Fuzzers",
    "Exploits",
    "Reconnaissance",
    "DoS"
  ],
  "per_class_metrics": {
    "Normal": {
      "precision": 0.9996914215182061,
      "recall": 0.9874022147719191,
      "f1_score": 0.9935088167646308,
      "support": 9843,
      "quality": "GOOD"
    },
    "Generic": {
      "precision": 0.9944894651539709,
      "recall": 0.9451632778804683,
      "f1_score": 0.9691991786447639,
      "support": 3246,
      "quality": "GOOD"
    },
    "Fuzzers": {
      "precision": 0.9469387755102041,
      "recall": 0.9818272342544188,
      "f1_score": 0.9640674651674407,
      "support": 4017,
      "quality": "GOOD"
    },
    "Exploits": {
      "precision": 0.8612617756208963,
      "recall": 0.8169509883563498,
      "f1_score": 0.8385214007782101,
      "support": 3693,
      "quality": "OK"
    },
    "Reconnaissance": {
      "precision": 0.8928571428571429,
      "recall": 0.9623519458544839,
      "f1_score": 0.9263029315960912,
      "support": 2364,
      "quality": "GOOD"
    },
    "DoS": {
      "precision": 0.5445829338446788,
      "recall": 0.6290143964562569,
      "f1_score": 0.5837615621788284,
      "support": 903,
      "quality": "WEAK"
    }
  }
}