{
  "model_name": "XGBoost",
  "overall_metrics": {
    "accuracy": 0.9433640821075376,
    "precision_weighted": 0.943975769416896,
    "recall_weighted": 0.9433640821075376,
    "f1_score_weighted": 0.9435418271515728,
    "precision_macro": 0.8809605120896021,
    "recall_macro": 0.885468142455986,
    "f1_score_macro": 0.8830497357630471
  },
  "class_labels": [
    "Normal",
    "Generic",
    "Fuzzers",
    "Exploits",
    "Reconnaissance",
    "DoS"
  ],
  "per_class_metrics": {
    "Normal": {
      "precision": 0.9992803536547754,
      "recall": 0.987503809814081,
      "f1_score": 0.9933571793561574,
      "support": 9843,
      "quality": "GOOD"
    },
    "Generic": {
      "precision": 0.988220312002547,
      "recall": 0.9562538508934073,
      "f1_score": 0.9719743228432755,
      "support": 3246,
      "quality": "GOOD"
    },
    "Fuzzers": {
      "precision": 0.9609223300970874,
      "recall": 0.9855613642021409,
      "f1_score": 0.9730859038957846,
      "support": 4017,
      "quality": "GOOD"
    },
    "Exploits": {
      "precision": 0.8529252437703142,
      "recall": 0.8526942864879502,
      "f1_score": 0.852809749492214,
      "support": 3693,
      "quality": "GOOD"
    },
    "Reconnaissance": {
      "precision": 0.9060483870967742,
      "recall": 0.950507614213198,
      "f1_score": 0.9277456647398844,
      "support": 2364,
      "quality": "GOOD"
    },
    "DoS": {
      "precision": 0.5783664459161147,
      "recall": 0.5802879291251384,
      "f1_score": 0.5793255942509674,
      "support": 903,
      "quality": "WEAK"
    }
  }
}