{
  "timestamp": "2026-04-27T18:18:14.639877+00:00",
  "overall": {
    "score": 0.22682871038892774,
    "severity": "severe",
    "alert": true,
    "level": "critical",
    "reason": "27% of features are severe; 48% of features drifted; overall drift severity is severe"
  },
  "counts": {
    "features": 48,
    "drifted": 23,
    "severe": 13
  },
  "fractions": {
    "drifted": 0.4791666666666667,
    "severe": 0.2708333333333333
  },
  "thresholds": {
    "low": 0.20933108776772313,
    "moderate": 0.3879607567233087,
    "severe": 0.561412624305543
  },
  "trend": {
    "label": "stable",
    "delta": -0.012366090847664796,
    "slope": -0.03311434069504266
  },
  "top_features": [
    {
      "feature": "ct_state_ttl",
      "feature_type": "numeric",
      "drift_score": 0.7286223941706833,
      "risk_score": 0.5527416098575104,
      "severity": "severe",
      "importance": 0.5172237753868103,
      "ks_stat": 0.758,
      "ks_pvalue": 3.744744694792973e-191,
      "js_divergence": 0.5581574804863505,
      "chi2_stat": 0.0,
      "chi2_pvalue": 1.0,
      "psi": 10.813740551733165,
      "unseen_rate": 0.0,
      "baseline_mean": 0.8388,
      "live_mean": 2.0,
      "baseline_unique": 3,
      "live_unique": 1,
      "alert": true,
      "note": "",
      "status": "severe"
    },
    {
      "feature": "ct_dst_src_ltm",
      "feature_type": "numeric",
      "drift_score": 0.9448376266175195,
      "risk_score": 0.47869168361323294,
      "severity": "severe",
      "importance": 0.01327819749712944,
      "ks_stat": 0.992,
      "ks_pvalue": 2e-323,
      "js_divergence": 0.790550506470078,
      "chi2_stat": 0.0,
      "chi2_pvalue": 1.0,
      "psi": 13.647233055045932,
      "unseen_rate": 0.0,
      "baseline_mean": 6.2344,
      "live_mean": 45.0,
      "baseline_unique": 45,
      "live_unique": 1,
      "alert": true,
      "note": "",
      "status": "severe"
    },
    {
      "feature": "ct_dst_ltm",
      "feature_type": "numeric",
      "drift_score": 0.945728369997748,
      "risk_score": 0.47410782232067755,
      "severity": "severe",
      "importance": 0.002630009548738599,
      "ks_stat": 0.9908,
      "ks_pvalue": 2e-323,
      "js_divergence": 0.7957934799909921,
      "chi2_stat": 0.0,
      "chi2_pvalue": 1.0,
      "psi": 13.53340133435871,
      "unseen_rate": 0.0,
      "baseline_mean": 4.9248,
      "live_mean": 39.0,
      "baseline_unique": 39,
      "live_unique": 1,
      "alert": true,
      "note": "",
      "status": "severe"
    },
    {
      "feature": "ct_src__ltm",
      "feature_type": "numeric",
      "drift_score": 0.9410605858529377,
      "risk_score": 0.4709379816076071,
      "severity": "severe",
      "importance": 0.0008664451306685805,
      "ks_stat": 0.9896,
      "ks_pvalue": 2e-323,
      "js_divergence": 0.7788023434117508,
      "chi2_stat": 0.0,
      "chi2_pvalue": 1.0,
      "psi": 13.106766115002506,
      "unseen_rate": 0.0,
      "baseline_mean": 5.51,
      "live_mean": 39.0,
      "baseline_unique": 39,
      "live_unique": 1,
      "alert": true,
      "note": "",
      "status": "severe"
    },
    {
      "feature": "stime",
      "feature_type": "numeric",
      "drift_score": 0.8277056432893196,
      "risk_score": 0.4144626204018889,
      "severity": "severe",
      "importance": 0.0014734676806256175,
      "ks_stat": 0.9892,
      "ks_pvalue": 2.5e-323,
      "js_divergence": 0.7957934799909921,
      "chi2_stat": 0.0,
      "chi2_pvalue": 1.0,
      "psi": 12.692190959964956,
      "unseen_rate": 0.0,
      "baseline_mean": -0.2834558488777078,
      "live_mean": 0.012259760059889192,
      "baseline_unique": 2396,
      "live_unique": 1,
      "alert": true,
      "note": "",
      "status": "severe"
    },
    {
      "feature": "dttl",
      "feature_type": "numeric",
      "drift_score": 0.6277117812740435,
      "risk_score": 0.3770335505914766,
      "severity": "severe",
      "importance": 0.20129512250423431,
      "ks_stat": 0.5065248677248677,
      "ks_pvalue": 6.00089860257614e-78,
      "js_divergence": 0.7320197336969085,
      "chi2_stat": 0.0,
      "chi2_pvalue": 1.0,
      "psi": 11.975279577619826,
      "unseen_rate": 0.0,
      "baseline_mean": 1.8052,
      "live_mean": 2.394179894179894,
      "baseline_unique": 4,
      "live_unique": 5,
      "alert": true,
      "note": "",
      "status": "severe"
    },
    {
      "feature": "sport",
      "feature_type": "numeric",
      "drift_score": 0.7069264926172945,
      "risk_score": 0.35436768853099565,
      "severity": "severe",
      "importance": 0.0025588013231754303,
      "ks_stat": 0.7389544973544974,
      "ks_pvalue": 7.848077932997592e-180,
      "js_divergence": 0.45220694631073627,
      "chi2_stat": 0.0,
      "chi2_pvalue": 1.0,
      "psi": 3.100415947990639,
      "unseen_rate": 0.0,
      "baseline_mean": 7.6148,
      "live_mean": 0.3915343915343915,
      "baseline_unique": 6,
      "live_unique": 4,
      "alert": true,
      "note": "",
      "status": "severe"
    },
    {
      "feature": "sttl",
      "feature_type": "numeric",
      "drift_score": 0.6626264214216402,
      "risk_score": 0.34590310471375363,
      "severity": "severe",
      "importance": 0.044036559760570526,
      "ks_stat": 0.482,
      "ks_pvalue": 3.202010853825385e-70,
      "js_divergence": 0.9241171297406073,
      "chi2_stat": 0.0,
      "chi2_pvalue": 1.0,
      "psi": 24.305044402327873,
      "unseen_rate": 0.0,
      "baseline_mean": 2.5956,
      "live_mean": 2.955026455026455,
      "baseline_unique": 3,
      "live_unique": 2,
      "alert": true,
      "note": "",
      "status": "severe"
    },
    {
      "feature": "sjit",
      "feature_type": "numeric",
      "drift_score": 0.6600749833512399,
      "risk_score": 0.33051645057160334,
      "severity": "severe",
      "importance": 0.0014512257184833288,
      "ks_stat": 0.6137544973544974,
      "ks_pvalue": 7.7855812890573735e-118,
      "js_divergence": 0.6596099174592989,
      "chi2_stat": 0.0,
      "chi2_pvalue": 1.0,
      "psi": 13.650024767904844,
      "unseen_rate": 0.0,
      "baseline_mean": 0.6685011690484022,
      "live_mean": -0.02166225105915696,
      "baseline_unique": 1585,
      "live_unique": 318,
      "alert": true,
      "note": "",
      "status": "severe"
    },
    {
      "feature": "djit",
      "feature_type": "numeric",
      "drift_score": 0.6093378571533017,
      "risk_score": 0.3051391522938392,
      "severity": "severe",
      "importance": 0.001543392427265644,
      "ks_stat": 0.5702349206349207,
      "ks_pvalue": 2.2157174273835246e-100,
      "js_divergence": 0.5699198829763478,
      "chi2_stat": 0.0,
      "chi2_pvalue": 1.0,
      "psi": 12.998231887763149,
      "unseen_rate": 0.0,
      "baseline_mean": 3.740434109662297,
      "live_mean": -0.19266112312886643,
      "baseline_unique": 1612,
      "live_unique": 300,
      "alert": true,
      "note": "",
      "status": "severe"
    },
    {
      "feature": "dintpkt",
      "feature_type": "numeric",
      "drift_score": 0.6020228950322298,
      "risk_score": 0.3014568324912741,
      "severity": "severe",
      "importance": 0.0014796280302107334,
      "ks_stat": 0.5881079365079365,
      "ks_pvalue": 2.5051232712364065e-107,
      "js_divergence": 0.46378290893985835,
      "chi2_stat": 0.0,
      "chi2_pvalue": 1.0,
      "psi": 6.373090900679457,
      "unseen_rate": 0.0,
      "baseline_mean": 42.701409744422094,
      "live_mean": 0.15323093923045292,
      "baseline_unique": 1618,
      "live_unique": 293,
      "alert": true,
      "note": "",
      "status": "severe"
    },
    {
      "feature": "sintpkt",
      "feature_type": "numeric",