{
  "timestamp": "2026-04-24T06:52:46.554021+00:00",
  "overall": {
    "score": 0.1880531774206009,
    "severity": "severe",
    "alert": true,
    "level": "critical",
    "reason": "21% of features are severe; 50% of features drifted; overall drift severity is severe"
  },
  "counts": {
    "features": 48,
    "drifted": 24,
    "severe": 10
  },
  "fractions": {
    "drifted": 0.5,
    "severe": 0.20833333333333334
  },
  "thresholds": {
    "low": 0.22313855809666006,
    "moderate": 0.3931385580966601,
    "severe": 0.56313855809666
  },
  "trend": {
    "label": "stable",
    "delta": -0.1662038765571328,
    "slope": -0.16620387655713276
  },
  "top_features": [
    {
      "feature": "dttl",
      "feature_type": "numeric",
      "drift_score": 0.6740766768009638,
      "risk_score": 0.4519727478960486,
      "severity": "severe",
      "importance": 0.3410128653049469,
      "ks_stat": 0.5879525423728813,
      "ks_pvalue": 1.9404128781760236e-37,
      "js_divergence": 0.8590977455062819,
      "chi2_stat": 0.0,
      "chi2_pvalue": 1.0,
      "psi": 16.139635403679478,
      "unseen_rate": 0.0,
      "baseline_mean": 101.1532,
      "live_mean": 93.16949152542372,
      "baseline_unique": 5,
      "live_unique": 20,
      "alert": true,
      "note": "",
      "status": "severe"
    },
    {
      "feature": "ct_src__ltm",
      "feature_type": "numeric",
      "drift_score": 0.8261807273100161,
      "risk_score": 0.41362913324201683,
      "severity": "severe",
      "importance": 0.0013042414793744683,
      "ks_stat": 0.7862101694915254,
      "ks_pvalue": 1.3669735623419706e-73,
      "js_divergence": 0.6040286719519287,
      "chi2_stat": 0.0,
      "chi2_pvalue": 1.0,
      "psi": 7.117008850716749,
      "unseen_rate": 0.0,
      "baseline_mean": 5.51,
      "live_mean": 31.491525423728813,
      "baseline_unique": 39,
      "live_unique": 4,
      "alert": true,
      "note": "",
      "status": "severe"
    },
    {
      "feature": "sttl",
      "feature_type": "numeric",
      "drift_score": 0.6415437012578716,
      "risk_score": 0.3766362680012906,
      "severity": "severe",
      "importance": 0.17415623366832733,
      "ks_stat": 0.482,
      "ks_pvalue": 1.5030852328511004e-24,
      "js_divergence": 0.848615017386963,
      "chi2_stat": 0.0,
      "chi2_pvalue": 1.0,
      "psi": 19.636108214791278,
      "unseen_rate": 0.0,
      "baseline_mean": 143.0632,
      "live_mean": 120.08474576271186,
      "baseline_unique": 6,
      "live_unique": 13,
      "alert": true,
      "note": "",
      "status": "severe"
    },
    {
      "feature": "ct_state_ttl",
      "feature_type": "numeric",
      "drift_score": 0.6470719450777042,
      "risk_score": 0.36269412761273406,
      "severity": "severe",
      "importance": 0.12103184312582016,
      "ks_stat": 0.6563050847457627,
      "ks_pvalue": 8.895419572096748e-48,
      "js_divergence": 0.40017547686504057,
      "chi2_stat": 0.0,
      "chi2_pvalue": 1.0,
      "psi": 6.381241109209254,
      "unseen_rate": 0.0,
      "baseline_mean": 0.8388,
      "live_mean": 1.8983050847457628,
      "baseline_unique": 3,
      "live_unique": 2,
      "alert": true,
      "note": "",
      "status": "severe"
    },
    {
      "feature": "dsport",
      "feature_type": "numeric",
      "drift_score": 0.6656849671421555,
      "risk_score": 0.3447522812333778,
      "severity": "severe",
      "importance": 0.03578208386898041,
      "ks_stat": 0.6490508474576271,
      "ks_pvalue": 1.3472749986672505e-46,
      "js_divergence": 0.6769764690047716,
      "chi2_stat": 0.0,
      "chi2_pvalue": 1.0,
      "psi": 9.285347319962373,
      "unseen_rate": 0.0,
      "baseline_mean": 154.01194146341462,
      "live_mean": 293.32306738321614,
      "baseline_unique": 488,
      "live_unique": 28,
      "alert": true,
      "note": "",
      "status": "severe"
    },
    {
      "feature": "stime",
      "feature_type": "numeric",
      "drift_score": 0.6687042212671419,
      "risk_score": 0.33503390166019803,
      "severity": "severe",
      "importance": 0.0020391407888382673,
      "ks_stat": 0.9892,
      "ks_pvalue": 1.027931664819338e-178,
      "js_divergence": 0.15978779190228115,
      "chi2_stat": 0.0,
      "chi2_pvalue": 1.0,
      "psi": 3.6781392879157577,
      "unseen_rate": 0.0,
      "baseline_mean": -0.2834558488777078,
      "live_mean": 0.012259760059889194,
      "baseline_unique": 2396,
      "live_unique": 1,
      "alert": true,
      "note": "",
      "status": "severe"
    },
    {
      "feature": "sload",
      "feature_type": "numeric",
      "drift_score": 0.6054743650127835,
      "risk_score": 0.3033163315694914,
      "severity": "severe",
      "importance": 0.0019130423897877336,
      "ks_stat": 0.6347322033898305,
      "ks_pvalue": 2.547702040960287e-44,
      "js_divergence": 0.4613362279147748,
      "chi2_stat": 0.0,
      "chi2_pvalue": 1.0,
      "psi": 5.58353268256592,
      "unseen_rate": 0.0,
      "baseline_mean": 1.0584742138774785,
      "live_mean": 0.029802449410723512,
      "baseline_unique": 1913,
      "live_unique": 70,
      "alert": true,
      "note": "",
      "status": "severe"
    },
    {
      "feature": "dur",
      "feature_type": "numeric",
      "drift_score": 0.5983330217622773,
      "risk_score": 0.2996630910538108,
      "severity": "severe",
      "importance": 0.0016598788788542151,
      "ks_stat": 0.47089491525423727,
      "ks_pvalue": 2.1673854345185786e-23,
      "js_divergence": 0.337658293396293,
      "chi2_stat": 0.0,
      "chi2_pvalue": 1.0,
      "psi": 4.618327028837495,
      "unseen_rate": 0.0,
      "baseline_mean": 0.805124882930371,
      "live_mean": 5.252166738729574,
      "baseline_unique": 1767,
      "live_unique": 95,
      "alert": true,
      "note": "",
      "status": "severe"
    },
    {
      "feature": "sport",
      "feature_type": "numeric",
      "drift_score": 0.5794491518673511,
      "risk_score": 0.29052040400188744,
      "severity": "severe",
      "importance": 0.0027468435000628233,
      "ks_stat": 0.553335593220339,
      "ks_pvalue": 7.675808378640339e-33,
      "js_divergence": 0.4128583435560909,
      "chi2_stat": 0.0,
      "chi2_pvalue": 1.0,
      "psi": 7.351134531161288,
      "unseen_rate": 0.0,
      "baseline_mean": 0.6553350285580158,
      "live_mean": 1.1871723652296375,
      "baseline_unique": 2022,
      "live_unique": 94,
      "alert": true,
      "note": "",
      "status": "severe"
    },
    {
      "feature": "sjit",
      "feature_type": "numeric",
      "drift_score": 0.5708013916914083,
      "risk_score": 0.28601429898990766,
      "severity": "severe",
      "importance": 0.0021499707363545895,
      "ks_stat": 0.5732,
      "ks_pvalue": 1.9862509042745003e-35,
      "js_divergence": 0.3593836422144446,
      "chi2_stat": 0.0,
      "chi2_pvalue": 1.0,
      "psi": 6.685084908826131,
      "unseen_rate": 0.0,
      "baseline_mean": 0.6685011690484022,
      "live_mean": -0.02114053749319397,
      "baseline_unique": 1585,
      "live_unique": 95,
      "alert": true,
      "note": "",
      "status": "severe"
    },
    {
      "feature": "smeansz",
      "feature_type": "numeric",
      "drift_score": 0.5392426159478326,
      "risk_score": 0.27193496819465224,
      "severity": "moderate",
      "importance": 0.008581147529184818,
      "ks_stat": 0.4739186440677966,
      "ks_pvalue": 1.0547549541622656e-23,
      "js_divergence": 0.27222153027422563,
      "chi2_stat": 0.0,
      "chi2_pvalue": 1.0,
      "psi": 2.1987058181634853,
      "unseen_rate": 0.0,
      "baseline_mean": 1.1404,
      "live_mean": 4.693556340123459,
      "baseline_unique": 311,
      "live_unique": 92,
      "alert": false,
      "note": "",
      "status": "moderate"
    },
    {
      "feature": "dmeansz",
      "feature_type": "numeric",
      "drift_score": 0.5249243549265153,
      "risk_score": 0.2662860242151399,
      "severity": "moderate",